"topic_cluster","search_term","search_intent","audience_persona","funnel_stage","geographic_market","time_period_examined","search_type","trend_direction","regional_interest_observation","related_top_searches","related_rising_searches","serp_format_and_dominant_results","competitor_or_alternative_observed","existing_target_url","recommended_action","priority_score","reason_for_priority","data_evidence_note","client_confirmation_needed"
"0 - METHOD AND LIMITATIONS (read first)","(not a search term - study metadata)","n/a","n/a","n/a","India","Google Trends India 5-y (2021-09-23 to 2026-09-23, weekly) and 12-m (2025-09-23 to 2026-09-23, weekly), both queried 2026-09-23; SERP observed 2026-09-23","Google Trends 'Web Search' property, geo=IN; plus live SERP observation","GOOGLE TRENDS WAS REACHED BUT CANNOT SUPPORT THIS KEYWORD SET. The scriptable endpoint trends.google.com/trends/api/explore initially returned HTTP 429 (Too Many Requests); after cookie priming it returned HTTP 200 and widget tokens, and the multiline/comparedgeo/relatedsearches widgets returned data. However, across 44 keyword-timeframe queries the DENSEST series had only 6.1% of its weeks above zero - every keyword sits at or below Google's reporting threshold for India. Google therefore publishes no usable trend line. NO trend direction has been invented for any row. Intermittent HTTP 429s also hit 5 query rows; those are named in data_evidence_note. pytrends was not installed and no authorised Keyword Planner or Ahrefs access exists, so NO search volume, CPC or keyword-difficulty figure appears anywhere in this file.","Sub-region data returned for 15 of 44 query rows, but always from a sub-threshold sample, so regional readings are indicative only and must not be used to allocate budget by state.","unknown - no authorised data. Google Trends returned an EMPTY related-queries widget for 44 of 44 query rows (i.e. all of them). This is Google's behaviour below threshold, not a scraping failure.","unknown - no authorised data - see related_top_searches. No rising-query data was obtainable for any term.","ALL serp_format_and_dominant_results cells are SERP-OBSERVED 2026-09-23 via the WebSearch tool. THAT TOOL'S INDEX IS DOCUMENTED AS US-ONLY/US-WEIGHTED. Rows where this likely distorts the observation carry the string 'FLAG:' in that cell and a matching warning in data_evidence_note. Rows whose SERP returned Indian vendors and Indian vocabulary (RA bill, BOQ, indent, GST, TDS) are treated as reliable. Position/ranking order was NOT observable - only which results appear.","Competitors named in this file are those actually seen in observed SERPs on 2026-09-23, not a market map.","n/a - see individual rows","Read priority_score as product fit + evidenced buying intent + our ability to publish better evidence. It is NOT a volume estimate, because no authorised volume source exists.","1","This row exists so no reader mistakes the SERP observations for ranked keyword data. The single biggest limitation: there is no search-volume input at all, so relative sizing between terms is unknown.","Method: Google Trends API (India, 5-y and 12-m) attempted first and recorded verbatim; then 47 in-scope terms and 6 excluded terms assessed by live SERP observation on 2026-09-23. Raw Trends JSON retained in the working scratchpad.","CLIENT ACTION: to get real volume/competition data, authorise Google Keyword Planner (via a Google Ads account) or Ahrefs/Semrush, and re-run the India SERP observations from an India-located browser."
"A - core category","construction erp software india","commercial investigation","Owner/CMD; IT or ops head","MOFU-BOFU","India","Google Trends India 5-y (2021-09-23 to 2026-09-23, weekly) and 12-m (2025-09-23 to 2026-09-23, weekly), both queried 2026-09-23; SERP observed 2026-09-23","Google web search (Google Trends 'Web Search' property)","no reliable direction — series is below Google Trends' reporting threshold for India (5-y: 3 of 262 weeks above zero; 12-m: 3 of 53 weeks above zero). Google returns a near-all-zero line at this volume, so no rise or fall can be read from it. Not interpreted as declining interest.","Google Trends India sub-region interest (2026-09-23, index 0-100, relative): Maharashtra 0, Gujarat 0, Kerala 0, Tamil Nadu 0, Karnataka 0, Madhya Pradesh 0, Telangana 0, Uttar Pradesh 0. Sub-threshold sample — indicative only.","unknown — no authorised data (Google Trends returned an EMPTY related-queries widget for India on 2026-09-23, which is what it returns when volume is below threshold; no Keyword Planner or Ahrefs access is authorised)","unknown — no authorised data (Google Trends returned an EMPTY related-queries widget for India on 2026-09-23, which is what it returns when volume is below threshold; no Keyword Planner or Ahrefs access is authorised)","SERP-OBSERVED 2026-09-23: dominated by 'Top N' listicles (constructionplacements, RDash, Inniti, nyggs blog) plus directory/aggregator (SourceForge India) and vendor homepages (StrategicERP, In4Velocity, NYGGS, Vaps). Results are strongly India-specific - snippets reference GST, TDS, WCT, RA bills. No forums, no YouTube, no government PDFs.","NYGGS; StrategicERP; In4Velocity/In4Suite; RDash; Highrise","/epc-erp-software (closest existing); no dedicated /construction-erp-software-india route","CREATE new page /construction-erp-software-india - a buyer's shortlist page with an evidence table (module coverage, RA-billing depth, deployment time, India tax handling) rather than another generic 'Top 10'","1","Head commercial term for the exact product. SERP is all listicles and thin vendor pages; sotyn.ai can publish a genuinely better-evidenced comparison because it owns real RA-billing/material-reconciliation logic and can show worked Indian examples. Buying intent is explicit.","Google Trends India queried 2026-09-23 for both 5-y and 12-m (5-y: 3 of 262 weeks above zero; 12-m: 3 of 53 weeks above zero). Series is at or below Google's reporting threshold, so NO volume, CPC or keyword-difficulty figure is stated anywhere in this row — none is available from an authorised source. SERP composition in this row is SERP-OBSERVED 2026-09-23 via WebSearch. The observed SERP is India-specific (Indian vendors, Indian vocabulary such as RA bill / GST / BOQ / indent), so US index weighting appears NOT to have distorted this row materially.","Confirm sotyn.ai is willing to publish an honest comparison table that names competitors"
"A - core category","epc erp software","commercial investigation","Owner/CMD; project director","MOFU","India","Google Trends India 5-y (2021-09-23 to 2026-09-23, weekly) and 12-m (2025-09-23 to 2026-09-23, weekly), both queried 2026-09-23; SERP observed 2026-09-23","Google web search (Google Trends 'Web Search' property)","no reliable direction — series is below Google Trends' reporting threshold for India (5-y: 3 of 262 weeks above zero). Google returns a near-all-zero line at this volume, so no rise or fall can be read from it. Not interpreted as declining interest.","no Indian sub-region rose above Google Trends' reporting threshold for this keyword on 2026-09-23","unknown — no authorised data (Google Trends returned an EMPTY related-queries widget for India on 2026-09-23, which is what it returns when volume is below threshold; no Keyword Planner or Ahrefs access is authorised)","unknown — no authorised data (Google Trends returned an EMPTY related-queries widget for India on 2026-09-23, which is what it returns when volume is below threshold; no Keyword Planner or Ahrefs access is authorised)","SERP-OBSERVED 2026-09-23: mostly vendor solution pages (Ramco, IFS, ERPNext/Frappe, ebizframe, OctaBees, eresource, Silent Infotech) plus one vendor 'Top 10 providers' listicle. Mixed geography - Ramco/ERPNext/eresource are India-origin, IFS is foreign. FLAG: likely US/global weighting; an India SERP would probably surface more Indian vendors.","Ramco EPC; ERPNext (Frappe); OctaBees; eresource; IFS","/epc-erp-software (exact match, already exists)","OPTIMISE existing /epc-erp-software - add an EPC-specific evidence block (engineering deliverables to procurement to RA billing chain) and internal links to /solutions/industrial-epc and /solutions/solar-epc","1","Exact-match page already exists so this is a strengthening play, not new build. Competitors rank thin solution pages; sotyn.ai can out-evidence them with real EPC workflow detail. High buying intent.","Google Trends India queried 2026-09-23 for both 5-y and 12-m (5-y: 3 of 262 weeks above zero). Series is at or below Google's reporting threshold, so NO volume, CPC or keyword-difficulty figure is stated anywhere in this row — none is available from an authorised source. Partial API failures during the run: today 5-y related_queries: HTTP 429; today 12-m timeseries: HTTP 429. SERP composition in this row is SERP-OBSERVED 2026-09-23 via WebSearch. IMPORTANT: the search index used is documented as US-only/US-weighted, so this SERP observation may not match what a user in India sees; this row is FLAGGED as likely distorted.","None"
"A - core category","contractor erp software","commercial investigation","Owner/CMD","MOFU","India","Google Trends India 5-y (2021-09-23 to 2026-09-23, weekly) and 12-m (2025-09-23 to 2026-09-23, weekly), both queried 2026-09-23; SERP observed 2026-09-23","Google web search (Google Trends 'Web Search' property)","insufficient data — Trends not accessible 2026-09-23","insufficient data — Trends not accessible 2026-09-23","unknown — no authorised data","unknown — no authorised data","SERP-OBSERVED 2026-09-23: entirely US/North-American - MSDynamicsWorld 'for U.S. contractors', Penta, Jonas, NetSuite, Premier, erpfocus, erpsoftwareblog. Zero India-specific results. FLAG: strong US index distortion - this row's observation is probably NOT representative of an India SERP.","Premier Construction Software; Sage 300 CRE; Penta; Jonas; NetSuite","/epc-erp-software; /platform","DO NOT build a dedicated page on the bare term. Use 'contractor ERP software India' as a section/H2 inside /construction-erp-software-india instead","3","Product fit is good but the observed SERP is US-only, so we cannot verify Indian intent from this evidence. Building on the unqualified term risks competing with US incumbents for irrelevant traffic.","Google Trends API reached but returned no usable series for this keyword on 2026-09-23. Exact failures: today 5-y timeseries: HTTP 429. No volume, CPC or difficulty figure is available from any authorised source. IMPORTANT: the search index used is documented as US-only/US-weighted, so this SERP observation may not match what a user in India sees; this row is FLAGGED as likely distorted.","Client to re-run this query on an India-located Google before committing budget"
"A - core category","construction management software india","commercial investigation","Owner/CMD; project manager","MOFU","India","Google Trends India 5-y (2021-09-23 to 2026-09-23, weekly) and 12-m (2025-09-23 to 2026-09-23, weekly), both queried 2026-09-23; SERP observed 2026-09-23","Google web search (Google Trends 'Web Search' property)","no reliable direction — series is below Google Trends' reporting threshold for India (5-y: 16 of 262 weeks above zero). Google returns a near-all-zero line at this volume, so no rise or fall can be read from it. Not interpreted as declining interest.","Google Trends India sub-region interest (2026-09-23, index 0-100, relative): Delhi 100, Telangana 100, Karnataka 100, Maharashtra 0, Haryana 0, Tamil Nadu 0, Gujarat 0, Punjab 0. Sub-threshold sample — indicative only.","unknown — no authorised data (Google Trends returned an EMPTY related-queries widget for India on 2026-09-23, which is what it returns when volume is below threshold; no Keyword Planner or Ahrefs access is authorised)","unknown — no authorised data (Google Trends returned an EMPTY related-queries widget for India on 2026-09-23, which is what it returns when volume is below threshold; no Keyword Planner or Ahrefs access is authorised)","SERP-OBSERVED 2026-09-23: heavy directory/aggregator presence (SoftwareSuggest India, Techimply, Capterra-style listings) plus India vendor pages (Onsite, Buildrun, Collabworx, RDash) and Oracle India. India-specific - snippets cite RERA, occupancy certificates, fire NOCs, per-user pricing in Rs.","Onsite (onsiteteams); Buildrun; RDash; Zoho Projects; Oracle","/platform; no dedicated construction-management-software page","OPTIMISE /platform to answer 'construction management software India' explicitly, and add a comparison row on /compare. Do not build a separate near-duplicate page","2","Adjacent rather than exact - many searchers want lightweight PM, not ERP. Still worth owning because it is a common entry term for the same buyer. Directories dominate, which caps realistic ranking.","Google Trends India queried 2026-09-23 for both 5-y and 12-m (5-y: 16 of 262 weeks above zero). Series is at or below Google's reporting threshold, so NO volume, CPC or keyword-difficulty figure is stated anywhere in this row — none is available from an authorised source. Partial API failures during the run: today 12-m timeseries: HTTP 429; today 12-m geo: HTTP 429; today 12-m related_queries: HTTP 429. SERP composition in this row is SERP-OBSERVED 2026-09-23 via WebSearch. The observed SERP is India-specific (Indian vendors, Indian vocabulary such as RA bill / GST / BOQ / indent), so US index weighting appears NOT to have distorted this row materially.","Confirm whether sotyn.ai wants to be positioned as 'construction management software' at all, or strictly as ERP"
"B - contractor type","mep contractor software","commercial investigation","Owner/CMD of MEP firm; project manager","MOFU","India","Google Trends India 5-y (2021-09-23 to 2026-09-23, weekly) and 12-m (2025-09-23 to 2026-09-23, weekly), both queried 2026-09-23; SERP observed 2026-09-23","Google web search (Google Trends 'Web Search' property)","insufficient data — Trends not accessible 2026-09-23","insufficient data — Trends not accessible 2026-09-23","unknown — no authorised data","unknown — no authorised data","SERP-OBSERVED 2026-09-23: almost entirely US/UK estimating and fabrication tools - MSUITE, McCormick, Trimble Estimation MEP, Ensign (UK), Stratus, G2, plus one stray PDF. Content is takeoff/estimating and BIM-adjacent, not ERP. FLAG: strong US/UK index distortion; India SERP likely different.","Trimble Estimation MEP; McCormick; Ensign (UK); MSUITE","/solutions/mep-contractors (already exists)","OPTIMISE /solutions/mep-contractors to target 'MEP contractor software India' / 'ERP for MEP contractors' rather than the bare term, and lead with RA billing + subcontractor billing evidence","2","Strong product fit and the page already exists, but the observed SERP is foreign and estimating-led, so the bare term is not the right target. The India-qualified variant is.","Google Trends API reached but returned no usable series for this keyword on 2026-09-23. Exact failures: today 5-y timeseries: HTTP 429; today 5-y geo: HTTP 429. No volume, CPC or difficulty figure is available from any authorised source. IMPORTANT: the search index used is documented as US-only/US-weighted, so this SERP observation may not match what a user in India sees; this row is FLAGGED as likely distorted.","Client to verify India SERP for this term"
"B - contractor type","mepf contractor erp software","commercial investigation","Owner/CMD of MEPF firm; billing engineer","MOFU-BOFU","India","Google Trends India 5-y (2021-09-23 to 2026-09-23, weekly) and 12-m (2025-09-23 to 2026-09-23, weekly), both queried 2026-09-23; SERP observed 2026-09-23","Google web search (Google Trends 'Web Search' property)","no reliable direction — series is below Google Trends' reporting threshold for India (5-y: 1 of 262 weeks above zero; 12-m: 0 of 0 weeks above zero). Google returns a near-all-zero line at this volume, so no rise or fall can be read from it. Not interpreted as declining interest.","no Indian sub-region rose above Google Trends' reporting threshold for this keyword on 2026-09-23","unknown — no authorised data (Google Trends returned an EMPTY related-queries widget for India on 2026-09-23, which is what it returns when volume is below threshold; no Keyword Planner or Ahrefs access is authorised)","unknown — no authorised data (Google Trends returned an EMPTY related-queries widget for India on 2026-09-23, which is what it returns when volume is below threshold; no Keyword Planner or Ahrefs access is authorised)","SERP-OBSERVED 2026-09-23 (query: MEPF contractor ERP software billing site India): clean India-vendor SERP - eresource Nfra, Bhoomi ERP, Kanix Highrise, BNBRun, IBSB, constructionestimatorindia, nyggs. Snippets explicitly mention RA billing, subcontractor billing, payment follow-up. No directories, no foreign vendors, no forums.","eresource Nfra; Bhoomi ERP; Kanix Highrise; BNBRun ERP","/solutions/mep-contractors","OPTIMISE /solutions/mep-contractors to cover MEPF explicitly (fire-fighting included) - this spelling is the India-native one and the SERP proves it","1","Best India-intent signal in cluster B. Every ranking result is an Indian ERP vendor talking about RA billing - the exact thing sotyn.ai does. Competing pages are thin vendor brochures we can beat on evidence.","Google Trends India queried 2026-09-23 for both 5-y and 12-m (5-y: 1 of 262 weeks above zero; 12-m: 0 of 0 weeks above zero). Series is at or below Google's reporting threshold, so NO volume, CPC or keyword-difficulty figure is stated anywhere in this row — none is available from an authorised source. SERP composition in this row is SERP-OBSERVED 2026-09-23 via WebSearch. The observed SERP is India-specific (Indian vendors, Indian vocabulary such as RA bill / GST / BOQ / indent), so US index weighting appears NOT to have distorted this row materially.","Confirm sotyn.ai supports fire-fighting scope within the MEP solution"
"B - contractor type","electrical contractor billing software india","commercial/transactional","Billing engineer; accounts; owner of electrical contracting firm","MOFU-BOFU","India","Google Trends India 5-y (2021-09-23 to 2026-09-23, weekly) and 12-m (2025-09-23 to 2026-09-23, weekly), both queried 2026-09-23; SERP observed 2026-09-23","Google web search (Google Trends 'Web Search' property)","insufficient data — Trends not accessible 2026-09-23","insufficient data — Trends not accessible 2026-09-23","unknown — no authorised data","unknown — no authorised data","SERP-OBSERVED 2026-09-23: mixed and contaminated - India SMB billing tools (Vyapar 'free billing software for electrical shop'), directories (Capterra India, SoftwareSuggest), US field-service tools (ServiceTitan, Werx, Service Fusion), and low-quality listicles (wifitalents). One India result did mention GST + TDS + retention automation. Intent is split between shop/retail invoicing and project contractor billing.","Vyapar; ServiceTitan; Capterra India; SoftwareSuggest","/ra-billing-software; /solutions/mep-contractors","OPTIMISE /ra-billing-software with an electrical-contractor section; do not build a standalone page until intent split is verified","3","Product fit is real but the term pulls retail/shop invoicing (Vyapar) as much as project billing. Medium confidence that traffic would be our buyer.","Google Trends API reached but returned no usable series for this keyword on 2026-09-23. Exact failures: Google returned an empty / zero-length timeline for India, which is what it serves when a keyword is below its reporting threshold. No volume, CPC or difficulty figure is available from any authorised source. The observed SERP is India-specific (Indian vendors, Indian vocabulary such as RA bill / GST / BOQ / indent), so US index weighting appears NOT to have distorted this row materially.","Client to confirm whether electrical contractors are an ICP or an accidental segment"
"B - contractor type","hvac contractor management software","commercial investigation","Owner of HVAC contracting firm","MOFU","India","Google Trends India 5-y (2021-09-23 to 2026-09-23, weekly) and 12-m (2025-09-23 to 2026-09-23, weekly), both queried 2026-09-23; SERP observed 2026-09-23","Google web search (Google Trends 'Web Search' property)","no reliable direction — series is below Google Trends' reporting threshold for India (5-y: 1 of 262 weeks above zero; 12-m: 0 of 0 weeks above zero). Google returns a near-all-zero line at this volume, so no rise or fall can be read from it. Not interpreted as declining interest.","Google Trends India sub-region interest (2026-09-23, index 0-100, relative): Bihar 0. Sub-threshold sample — indicative only.","unknown — no authorised data (Google Trends returned an EMPTY related-queries widget for India on 2026-09-23, which is what it returns when volume is below threshold; no Keyword Planner or Ahrefs access is authorised)","unknown — no authorised data (Google Trends returned an EMPTY related-queries widget for India on 2026-09-23, which is what it returns when volume is below threshold; no Keyword Planner or Ahrefs access is authorised)","SERP-OBSERVED 2026-09-23: overwhelmingly US field-service management - ServiceTitan, Housecall Pro, ServiceTrade, Dataforma, Fieldwire, SoftwareAdvice, Facilio. Only one India result (ServiceCRM.co.in). The dominant interpretation is residential/commercial service dispatch, NOT project ERP. FLAG: US index distortion AND genuine intent mismatch.","ServiceTitan; Housecall Pro; ServiceTrade; Facilio","/solutions/mep-contractors","DO NOT target. Mention HVAC only as a scope line inside /solutions/mep-contractors","5","FLAGGED - sotyn.ai could NOT realistically publish a better result here. The ranking intent is field-service dispatch software for service businesses, which is a different product. Chasing it would produce unqualified traffic.","Google Trends India queried 2026-09-23 for both 5-y and 12-m (5-y: 1 of 262 weeks above zero; 12-m: 0 of 0 weeks above zero). Series is at or below Google's reporting threshold, so NO volume, CPC or keyword-difficulty figure is stated anywhere in this row — none is available from an authorised source. SERP composition in this row is SERP-OBSERVED 2026-09-23 via WebSearch. IMPORTANT: the search index used is documented as US-only/US-weighted, so this SERP observation may not match what a user in India sees; this row is FLAGGED as likely distorted.","None - recommend dropping"
"B - contractor type","fire fighting contractor billing software india","commercial/transactional","Billing engineer; owner of firefighting contracting firm","MOFU-BOFU","India","Google Trends India 5-y (2021-09-23 to 2026-09-23, weekly) and 12-m (2025-09-23 to 2026-09-23, weekly), both queried 2026-09-23; SERP observed 2026-09-23","Google web search (Google Trends 'Web Search' property)","no reliable direction — series is below Google Trends' reporting threshold for India (5-y: 2 of 262 weeks above zero; 12-m: 0 of 0 weeks above zero). Google returns a near-all-zero line at this volume, so no rise or fall can be read from it. Not interpreted as declining interest.","no Indian sub-region rose above Google Trends' reporting threshold for this keyword on 2026-09-23","unknown — no authorised data (Google Trends returned an EMPTY related-queries widget for India on 2026-09-23, which is what it returns when volume is below threshold; no Keyword Planner or Ahrefs access is authorised)","unknown — no authorised data (Google Trends returned an EMPTY related-queries widget for India on 2026-09-23, which is what it returns when volume is below threshold; no Keyword Planner or Ahrefs access is authorised)","SERP-OBSERVED 2026-09-23: badly mixed - US fire-protection field service (ServiceTrade, BuildOps, Simpro, Smart Service, FieldPromax) PLUS Indian HIRING directories (IndiaMART fire fighting service, extinctfire, basicelements) PLUS a Wikipedia company page. No Indian firefighting-billing software ranks. Search engine cannot separate 'software for fire contractors' from 'hire a fire contractor'.","ServiceTrade; Simpro; BuildOps; (IndiaMART directory - hiring intent)","/solutions/mep-contractors","DO NOT target as a standalone page. Cover firefighting as a scope line under MEPF on /solutions/mep-contractors","4","Genuine product fit but the SERP is polluted with contractor-hiring directories and US field-service tools. Low confidence we can win or that the traffic converts.","Google Trends India queried 2026-09-23 for both 5-y and 12-m (5-y: 2 of 262 weeks above zero; 12-m: 0 of 0 weeks above zero). Series is at or below Google's reporting threshold, so NO volume, CPC or keyword-difficulty figure is stated anywhere in this row — none is available from an authorised source. SERP composition in this row is SERP-OBSERVED 2026-09-23 via WebSearch. The observed SERP is India-specific (Indian vendors, Indian vocabulary such as RA bill / GST / BOQ / indent), so US index weighting appears NOT to have distorted this row materially.","Client to confirm firefighting contractors are a real segment before any investment"
"B - contractor type","plumbing contractor software india","commercial investigation","Owner of plumbing contracting firm","MOFU","India","Google Trends India 5-y (2021-09-23 to 2026-09-23, weekly) and 12-m (2025-09-23 to 2026-09-23, weekly), both queried 2026-09-23; SERP observed 2026-09-23","Google web search (Google Trends 'Web Search' property)","no reliable direction — series is below Google Trends' reporting threshold for India (5-y: 2 of 262 weeks above zero; 12-m: 0 of 0 weeks above zero). Google returns a near-all-zero line at this volume, so no rise or fall can be read from it. Not interpreted as declining interest.","no Indian sub-region rose above Google Trends' reporting threshold for this keyword on 2026-09-23","unknown — no authorised data (Google Trends returned an EMPTY related-queries widget for India on 2026-09-23, which is what it returns when volume is below threshold; no Keyword Planner or Ahrefs access is authorised)","unknown — no authorised data (Google Trends returned an EMPTY related-queries widget for India on 2026-09-23, which is what it returns when volume is below threshold; no Keyword Planner or Ahrefs access is authorised)","SERP-OBSERVED 2026-09-23: directory-dominated (Capterra India x4 including 'free' filters, SoftwareSuggest) plus US field-service tools (FieldEdge, Jobber, Housecall Pro, ECI). Same service-dispatch intent as HVAC. No Indian project-ERP result.","Capterra India; Jobber; Housecall Pro; FieldEdge","/solutions/mep-contractors","DO NOT target. Scope line only","5","FLAGGED - could NOT publish a better result. Directories own the SERP and the intent is field-service dispatch, not contractor ERP.","Google Trends India queried 2026-09-23 for both 5-y and 12-m (5-y: 2 of 262 weeks above zero; 12-m: 0 of 0 weeks above zero). Series is at or below Google's reporting threshold, so NO volume, CPC or keyword-difficulty figure is stated anywhere in this row — none is available from an authorised source. SERP composition in this row is SERP-OBSERVED 2026-09-23 via WebSearch. The observed SERP is India-specific (Indian vendors, Indian vocabulary such as RA bill / GST / BOQ / indent), so US index weighting appears NOT to have distorted this row materially.","None - recommend dropping"
"B - contractor type","solar epc project management software india","commercial investigation","Owner/CMD of solar EPC; project manager","MOFU-BOFU","India","Google Trends India 5-y (2021-09-23 to 2026-09-23, weekly) and 12-m (2025-09-23 to 2026-09-23, weekly), both queried 2026-09-23; SERP observed 2026-09-23","Google web search (Google Trends 'Web Search' property)","insufficient data — Trends not accessible 2026-09-23","insufficient data — Trends not accessible 2026-09-23","unknown — no authorised data","unknown — no authorised data","SERP-OBSERVED 2026-09-23: entirely India-specific vendor pages - Sunbase (blog 'Best Solar Software for Indian EPCs'), Teknovative, techHind, iSolar, Solar Matrix, OctaBees, pvsoft, solarcrm.in, Metizsoft. Heavy CRM/proposal/design slant (SLD, net metering, DISCOM). One snippet explicitly says most solar software is built for Western markets then adapted for India.","Sunbase; ARKA 360; Solar Ladder; Solar Matrix; OctaBees","/solutions/solar-epc (already exists)","OPTIMISE /solutions/solar-epc - differentiate from the CRM/design crowd by leading on procurement, site inventory, RA/subcontractor billing and material reconciliation, which none of the ranking solar tools cover","1","Clear India-only SERP, clear buying intent, and a real content gap: every ranking competitor sells design/CRM, nobody sells execution and billing control. sotyn.ai can publish demonstrably better evidence. Page already exists.","Google Trends API reached but returned no usable series for this keyword on 2026-09-23. Exact failures: Google returned an empty / zero-length timeline for India, which is what it serves when a keyword is below its reporting threshold. No volume, CPC or difficulty figure is available from any authorised source. The observed SERP is India-specific (Indian vendors, Indian vocabulary such as RA bill / GST / BOQ / indent), so US index weighting appears NOT to have distorted this row materially.","Confirm solar EPC is a priority ICP vs civil/industrial"
"B - contractor type","civil contractor software india","commercial investigation","Owner/CMD of civil contracting firm","MOFU","India","Google Trends India 5-y (2021-09-23 to 2026-09-23, weekly) and 12-m (2025-09-23 to 2026-09-23, weekly), both queried 2026-09-23; SERP observed 2026-09-23","Google web search (Google Trends 'Web Search' property)","no reliable direction — series is below Google Trends' reporting threshold for India (5-y: 1 of 262 weeks above zero; 12-m: 0 of 0 weeks above zero). Google returns a near-all-zero line at this volume, so no rise or fall can be read from it. Not interpreted as declining interest.","no Indian sub-region rose above Google Trends' reporting threshold for this keyword on 2026-09-23","unknown — no authorised data (Google Trends returned an EMPTY related-queries widget for India on 2026-09-23, which is what it returns when volume is below threshold; no Keyword Planner or Ahrefs access is authorised)","unknown — no authorised data (Google Trends returned an EMPTY related-queries widget for India on 2026-09-23, which is what it returns when volume is below threshold; no Keyword Planner or Ahrefs access is authorised)","SERP-OBSERVED 2026-09-23: mix of aggregators (SourceForge India, Slashdot, Technologycounter, Techimply) and India vendor/blog pages (constructionestimatorindia, eresource Nfra, RDash, SuperWise, Tactive, nyggs). India-specific - snippets cite stage-wise BOQ, RMC and steel tracking, gang contractor billing, RERA/GST. Note heavy estimating slant in top results.","eresource Nfra; Tactive; SuperWise; Contractor Foreman; RDash","/solutions/civil-contractors (already exists)","OPTIMISE /solutions/civil-contractors - target 'civil contractor software India' explicitly and counter the estimating-led competition with execution/billing evidence","1","Largest contractor segment in India, page already exists, SERP is India-specific with real buying intent, and ranking pages are aggregators or thin vendor copy we can out-evidence.","Google Trends India queried 2026-09-23 for both 5-y and 12-m (5-y: 1 of 262 weeks above zero; 12-m: 0 of 0 weeks above zero). Series is at or below Google's reporting threshold, so NO volume, CPC or keyword-difficulty figure is stated anywhere in this row — none is available from an authorised source. SERP composition in this row is SERP-OBSERVED 2026-09-23 via WebSearch. The observed SERP is India-specific (Indian vendors, Indian vocabulary such as RA bill / GST / BOQ / indent), so US index weighting appears NOT to have distorted this row materially.","None"
"B - contractor type","industrial epc erp software","commercial investigation","Owner/CMD; project director of industrial EPC","MOFU-BOFU","India","Google Trends India 5-y (2021-09-23 to 2026-09-23, weekly) and 12-m (2025-09-23 to 2026-09-23, weekly), both queried 2026-09-23; SERP observed 2026-09-23","Google web search (Google Trends 'Web Search' property)","insufficient data — Trends not accessible 2026-09-23","insufficient data — Trends not accessible 2026-09-23","unknown — no authorised data","unknown — no authorised data","SERP-OBSERVED 2026-09-23 (query included India + plant construction): strong India vendor SERP - Realx EPC, Xpedeon, eresource Nfra, Lighthouse, Tactive, Alligator Infosoft, Nway, constructionestimatorindia listicles. Snippets name L&T, Tata Projects, NCC and cite steel plants, transmission lines, long-duration EPC contracts.","Realx ERP; Xpedeon; Tactive; Lighthouse; eresource Nfra","/solutions/industrial-epc (already exists)","OPTIMISE /solutions/industrial-epc - add named workflow evidence (long-duration contracts, multi-site stores, plant erection billing) to beat the listicles","2","Good product fit and an India-specific SERP, but the segment skews to large enterprises already running SAP/Ramco, so sales cycles are long. Page exists, so cost to improve is low.","Google Trends API reached but returned no usable series for this keyword on 2026-09-23. Exact failures: Google returned an empty / zero-length timeline for India, which is what it serves when a keyword is below its reporting threshold. No volume, CPC or difficulty figure is available from any authorised source. The observed SERP is India-specific (Indian vendors, Indian vocabulary such as RA bill / GST / BOQ / indent), so US index weighting appears NOT to have distorted this row materially.","Confirm sotyn.ai targets large industrial EPCs or mid-market only"
"C - procurement","construction procurement software","commercial investigation","Purchase manager; owner/CMD","MOFU","India","Google Trends India 5-y (2021-09-23 to 2026-09-23, weekly) and 12-m (2025-09-23 to 2026-09-23, weekly), both queried 2026-09-23; SERP observed 2026-09-23","Google web search (Google Trends 'Web Search' property)","insufficient data — Trends not accessible 2026-09-23","insufficient data — Trends not accessible 2026-09-23","unknown — no authorised data","unknown — no authorised data","SERP-OBSERVED 2026-09-23: entirely foreign vendor pages - Precoro, Access Coins, 4castplus, ProcurePro, Archdesk, FieldMaterials, SubBase, Mitti. Zero Indian results. Content is RFQ/PO/delivery/AP-automation framing. FLAG: strong US index distortion; India SERP would likely surface Tactive, Powerplay, NYGGS.","Precoro; Archdesk; ProcurePro; 4castplus; SubBase","/construction-procurement-software (exact match, already exists)","OPTIMISE /construction-procurement-software - target the India-qualified variant and lead with indent-to-PO-to-GRN chain, which is the India-native vocabulary the foreign vendors do not use","1","Exact-match page already exists and the procurement chain is core product. The foreign SERP is beatable in India because none of the ranking pages speak the indent/GRN/comparative-statement vocabulary Indian purchase managers use.","Google Trends API reached but returned no usable series for this keyword on 2026-09-23. Exact failures: Google returned an empty / zero-length timeline for India, which is what it serves when a keyword is below its reporting threshold. No volume, CPC or difficulty figure is available from any authorised source. IMPORTANT: the search index used is documented as US-only/US-weighted, so this SERP observation may not match what a user in India sees; this row is FLAGGED as likely distorted.","None"
"C - procurement","purchase order software for construction","commercial investigation","Purchase manager","MOFU","India","Google Trends India 5-y (2021-09-23 to 2026-09-23, weekly) and 12-m (2025-09-23 to 2026-09-23, weekly), both queried 2026-09-23; SERP observed 2026-09-23","Google web search (Google Trends 'Web Search' property)","insufficient data — Trends not accessible 2026-09-23","insufficient data — Trends not accessible 2026-09-23","unknown — no authorised data","unknown — no authorised data","SERP-OBSERVED 2026-09-23: mostly foreign vendor pages (Tradogram, Planyard, SiteMax, UDA ConstructionOnline, Archdesk, GetApp directory) with two India results (Powerplay, Tactive). FLAG: probable US weighting.","Powerplay (getpowerplay.in); Tactive; Planyard; Tradogram","/construction-procurement-software","Cover as an H2/section inside /construction-procurement-software. Do not build a separate page","3","Real product fit but it is a sub-feature of procurement, not a separate buying decision. Better consolidated than split.","Google Trends API reached but returned no usable series for this keyword on 2026-09-23. Exact failures: Google returned an empty / zero-length timeline for India, which is what it serves when a keyword is below its reporting threshold. No volume, CPC or difficulty figure is available from any authorised source. IMPORTANT: the search index used is documented as US-only/US-weighted, so this SERP observation may not match what a user in India sees; this row is FLAGGED as likely distorted.","None"
"C - procurement","material indent format","informational (format download)","Site engineer; purchase manager; store keeper","TOFU","India","Google Trends India 5-y (2021-09-23 to 2026-09-23, weekly) and 12-m (2025-09-23 to 2026-09-23, weekly), both queried 2026-09-23; SERP observed 2026-09-23","Google web search (Google Trends 'Web Search' property)","no reliable direction — series is below Google Trends' reporting threshold for India (5-y: 1 of 262 weeks above zero; 12-m: 1 of 53 weeks above zero). Google returns a near-all-zero line at this volume, so no rise or fall can be read from it. Not interpreted as declining interest.","Google Trends India sub-region interest (2026-09-23, index 0-100, relative): Chandigarh 100. Sub-threshold sample — indicative only.","unknown — no authorised data (Google Trends returned an EMPTY related-queries widget for India on 2026-09-23, which is what it returns when volume is below threshold; no Keyword Planner or Ahrefs access is authorised)","unknown — no authorised data (Google Trends returned an EMPTY related-queries widget for India on 2026-09-23, which is what it returns when volume is below threshold; no Keyword Planner or Ahrefs access is authorised)","SERP-OBSERVED 2026-09-23: format/template downloads dominate - Scribd PDFs x3, SiteSetu free PDF format, Yojo free Excel, plus a Blogspot article, IntoAEC software page, SuperWise glossary, ERPNext-style docs (farvisioncloud help) and a Wikipedia disambiguation. Strongly India-specific (WBS number, indent slip, Site Material Requisition). Low-quality Scribd/blog results are clearly beatable.","SiteSetu; Yojo; SuperWise; Scribd (low quality)","/resources (3 guides exist); no material indent resource","CREATE a /resources asset: material indent format (Excel + PDF) with a short guide on indent-to-PO discipline, linking to /construction-procurement-software","2","Highest-confidence TOFU capture in cluster C. The ranking results are Scribd scans and thin template pages - sotyn.ai can publish a genuinely better, properly specified format. Directly feeds the procurement product page and identifies the purchase-manager persona.","Google Trends India queried 2026-09-23 for both 5-y and 12-m (5-y: 1 of 262 weeks above zero; 12-m: 1 of 53 weeks above zero). Series is at or below Google's reporting threshold, so NO volume, CPC or keyword-difficulty figure is stated anywhere in this row — none is available from an authorised source. SERP composition in this row is SERP-OBSERVED 2026-09-23 via WebSearch. The observed SERP is India-specific (Indian vendors, Indian vocabulary such as RA bill / GST / BOQ / indent), so US index weighting appears NOT to have distorted this row materially. NOTE: Google Trends was queried on a close variant of this term, not the exact string, so the Trends cells are a proxy.","Confirm sotyn.ai is happy to give away a free Excel/PDF template"
"C - procurement","vendor quotation comparison format","informational (format download)","Purchase manager; accounts","TOFU-MOFU","India","Google Trends India 5-y (2021-09-23 to 2026-09-23, weekly) and 12-m (2025-09-23 to 2026-09-23, weekly), both queried 2026-09-23; SERP observed 2026-09-23","Google web search (Google Trends 'Web Search' property)","no reliable direction — series is below Google Trends' reporting threshold for India (5-y: 1 of 262 weeks above zero; 12-m: 1 of 53 weeks above zero). Google returns a near-all-zero line at this volume, so no rise or fall can be read from it. Not interpreted as declining interest.","no Indian sub-region rose above Google Trends' reporting threshold for this keyword on 2026-09-23","unknown — no authorised data (Google Trends returned an EMPTY related-queries widget for India on 2026-09-23, which is what it returns when volume is below threshold; no Keyword Planner or Ahrefs access is authorised)","unknown — no authorised data (Google Trends returned an EMPTY related-queries widget for India on 2026-09-23, which is what it returns when volume is below threshold; no Keyword Planner or Ahrefs access is authorised)","SERP-OBSERVED 2026-09-23: template-download SERP - Scribd, constructionsupply.ai free Excel comparative statement, Coefficient, Quotal, Asana RFQ template, codebex docs, practicalqs WordPress. Mixed geography but the India-specific result explicitly uses 'comparative statement' and 'L1 vendor' - the correct Indian terminology, which foreign templates miss.","constructionsupply.ai; Quotal; Asana; Scribd","/resources; /construction-procurement-software","CREATE a /resources asset: comparative statement (quotation comparison) format with L1 selection logic and GST handling","2","Genuine India vocabulary gap ('comparative statement', 'L1') that foreign templates do not serve. Good purchase-manager capture, but one step further from the buying decision than material indent.","Google Trends India queried 2026-09-23 for both 5-y and 12-m (5-y: 1 of 262 weeks above zero; 12-m: 1 of 53 weeks above zero). Series is at or below Google's reporting threshold, so NO volume, CPC or keyword-difficulty figure is stated anywhere in this row — none is available from an authorised source. SERP composition in this row is SERP-OBSERVED 2026-09-23 via WebSearch. The observed SERP is India-specific (Indian vendors, Indian vocabulary such as RA bill / GST / BOQ / indent), so US index weighting appears NOT to have distorted this row materially.","Confirm template giveaway"
"C - procurement","site inventory management software construction india","commercial investigation","Purchase manager; store keeper; project manager","MOFU","India","Google Trends India 5-y (2021-09-23 to 2026-09-23, weekly) and 12-m (2025-09-23 to 2026-09-23, weekly), both queried 2026-09-23; SERP observed 2026-09-23","Google web search (Google Trends 'Web Search' property)","no reliable direction — series is below Google Trends' reporting threshold for India (5-y: 2 of 262 weeks above zero; 12-m: 0 of 0 weeks above zero). Google returns a near-all-zero line at this volume, so no rise or fall can be read from it. Not interpreted as declining interest.","Google Trends India sub-region interest (2026-09-23, index 0-100, relative): Punjab 0. Sub-threshold sample — indicative only.","unknown — no authorised data (Google Trends returned an EMPTY related-queries widget for India on 2026-09-23, which is what it returns when volume is below threshold; no Keyword Planner or Ahrefs access is authorised)","unknown — no authorised data (Google Trends returned an EMPTY related-queries widget for India on 2026-09-23, which is what it returns when volume is below threshold; no Keyword Planner or Ahrefs access is authorised)","SERP-OBSERVED 2026-09-23: good India mix - Vyapar, Tally Solutions construction inventory, SiteSetu (indent-PO-GRN-stock-issue, multi-store), Powerplay, Infraconsoft, Nway, plus directories (SoftwareSuggest) and foreign (ToolSense, Vitruvi). Snippets explicitly discuss multi-site stock and transfers between sites.","SiteSetu; Powerplay; Vyapar; TallyPrime; Nway","/material-reconciliation; /construction-procurement-software","OPTIMISE /construction-procurement-software with a multi-store / site inventory section, and cross-link to /material-reconciliation","2","Solid India SERP and core product area. Slightly diluted by generic inventory tools (Vyapar, Tally) that are not real competitors for multi-site contractors.","Google Trends India queried 2026-09-23 for both 5-y and 12-m (5-y: 2 of 262 weeks above zero; 12-m: 0 of 0 weeks above zero). Series is at or below Google's reporting threshold, so NO volume, CPC or keyword-difficulty figure is stated anywhere in this row — none is available from an authorised source. SERP composition in this row is SERP-OBSERVED 2026-09-23 via WebSearch. The observed SERP is India-specific (Indian vendors, Indian vocabulary such as RA bill / GST / BOQ / indent), so US index weighting appears NOT to have distorted this row materially.","None"
"C - procurement","inter site material transfer format","informational (format download)","Store keeper; site engineer; purchase manager","TOFU","India","Google Trends India 5-y (2021-09-23 to 2026-09-23, weekly) and 12-m (2025-09-23 to 2026-09-23, weekly), both queried 2026-09-23; SERP observed 2026-09-23","Google web search (Google Trends 'Web Search' property)","insufficient data — Trends not accessible 2026-09-23","insufficient data — Trends not accessible 2026-09-23","unknown — no authorised data","unknown — no authorised data","SERP-OBSERVED 2026-09-23: template SERP - signNow, Scribd, TranZact (Excel/Word/PDF), documentof, sampleforms, financestrategists, plus ERPNext documentation pages and Wikipedia. Weak, generic, largely non-construction and non-India. Very beatable.","TranZact; ERPNext docs; Scribd; signNow","/resources; /material-reconciliation","CREATE a /resources asset: inter-site material transfer note format, tied to the multi-store story on /construction-procurement-software","3","Low competition and easy to beat, but narrow and far from a buying decision. Worth doing as part of a procurement format bundle, not on its own.","Google Trends API reached but returned no usable series for this keyword on 2026-09-23. Exact failures: Google returned an empty / zero-length timeline for India, which is what it serves when a keyword is below its reporting threshold. No volume, CPC or difficulty figure is available from any authorised source. The observed SERP is India-specific (Indian vendors, Indian vocabulary such as RA bill / GST / BOQ / indent), so US index weighting appears NOT to have distorted this row materially.","None"
"C - procurement","purchase approval workflow software construction","commercial investigation","Purchase manager; owner/CMD","MOFU","India","Google Trends India 5-y (2021-09-23 to 2026-09-23, weekly) and 12-m (2025-09-23 to 2026-09-23, weekly), both queried 2026-09-23; SERP observed 2026-09-23","Google web search (Google Trends 'Web Search' property)","insufficient data — Trends not accessible 2026-09-23","insufficient data — Trends not accessible 2026-09-23","unknown — no authorised data","unknown — no authorised data","SERP-OBSERVED 2026-09-23: generic horizontal approval tools dominate - ApprovalMax, Kissflow, Procurify, HappyFox, Knack, Tradogram, zite listicle. Only one construction-specific result (TraceCost). No India results. FLAG: US index distortion plus a generic-software intent mismatch.","ApprovalMax; Kissflow; Procurify; TraceCost","/construction-procurement-software","Cover as a section only. Do not build a page","4","Product fit exists but the SERP belongs to horizontal workflow tools with far greater authority, and there is no India signal. Low chance of winning, low conversion confidence.","Google Trends API reached but returned no usable series for this keyword on 2026-09-23. Exact failures: Google returned an empty / zero-length timeline for India, which is what it serves when a keyword is below its reporting threshold. No volume, CPC or difficulty figure is available from any authorised source. IMPORTANT: the search index used is documented as US-only/US-weighted, so this SERP observation may not match what a user in India sees; this row is FLAGGED as likely distorted.","None"
"D - billing","ra billing software","commercial/transactional","Billing engineer; owner/CMD; accounts","BOFU","India","Google Trends India 5-y (2021-09-23 to 2026-09-23, weekly) and 12-m (2025-09-23 to 2026-09-23, weekly), both queried 2026-09-23; SERP observed 2026-09-23","Google web search (Google Trends 'Web Search' property)","no reliable direction — series is below Google Trends' reporting threshold for India (5-y: 2 of 262 weeks above zero; 12-m: 0 of 0 weeks above zero). Google returns a near-all-zero line at this volume, so no rise or fall can be read from it. Not interpreted as declining interest.","Google Trends India sub-region interest (2026-09-23, index 0-100, relative): Sikkim 100. Sub-threshold sample — indicative only.","unknown — no authorised data (Google Trends returned an EMPTY related-queries widget for India on 2026-09-23, which is what it returns when volume is below threshold; no Keyword Planner or Ahrefs access is authorised)","unknown — no authorised data (Google Trends returned an EMPTY related-queries widget for India on 2026-09-23, which is what it returns when volume is below threshold; no Keyword Planner or Ahrefs access is authorised)","SERP-OBSERVED 2026-09-23: cleanest India-only SERP observed in this study. Every result is India-specific - Sq-Feet, constructionestimatorindia (RA bill guide), Realx ERP, BuilderX Pro, SiteSetu construction billing software, Vyapar. Snippets cite GST compliance, BOQ-linked invoicing, retention, TDS, and Rs 1k-10k/month pricing. No foreign results, no directories, no forums.","SiteSetu; Realx ERP; BuilderX Pro; Sq-Feet; Vyapar","/ra-billing-software (exact match, already exists)","OPTIMISE /ra-billing-software - this is the single strongest term in the set; add worked RA bill examples, deduction logic (retention/TDS/advance recovery) and a comparison against Excel","1","Strongest evidence of genuine Indian software-buying intent anywhere in this research. Exact-match page exists, term is unambiguous, zero foreign contamination, and ranking competitors are small vendors we can out-evidence.","Google Trends India queried 2026-09-23 for both 5-y and 12-m (5-y: 2 of 262 weeks above zero; 12-m: 0 of 0 weeks above zero). Series is at or below Google's reporting threshold, so NO volume, CPC or keyword-difficulty figure is stated anywhere in this row — none is available from an authorised source. SERP composition in this row is SERP-OBSERVED 2026-09-23 via WebSearch. The observed SERP is India-specific (Indian vendors, Indian vocabulary such as RA bill / GST / BOQ / indent), so US index weighting appears NOT to have distorted this row materially.","None"
"D - billing","running account bill format excel","informational (format download)","Billing engineer; site engineer","TOFU","India","Google Trends India 5-y (2021-09-23 to 2026-09-23, weekly) and 12-m (2025-09-23 to 2026-09-23, weekly), both queried 2026-09-23; SERP observed 2026-09-23","Google web search (Google Trends 'Web Search' property)","insufficient data — Trends not accessible 2026-09-23","insufficient data — Trends not accessible 2026-09-23","unknown — no authorised data","unknown — no authorised data","SERP-OBSERVED 2026-09-23: format-download SERP with heavy YouTube presence - two Hindi/English YouTube tutorials rank, plus signNow, constructionsupply.ai, SiteSetu free format, In4Velocity blog, xlsxtemplates, Yojo, Scribd. Strongly India-specific (cumulative quantity, retention, TDS, GST). YouTube presence signals a how-to intent we should match with a worked example, not just a file.","SiteSetu; constructionsupply.ai; Yojo; In4Velocity; YouTube creators","/resources (VERIFIED: current assets are cash-flow-control-template, epc-margin-leakage-checklist, tender-rate-analysis - no RA bill format); /tools/ra-bill calculator exists","CREATE a /resources asset: RA bill format (Excel) with a worked cumulative-quantity + deductions example and a short video or step-through, linked to the existing /tools/ra-bill calculator","1","Highest-volume-looking TOFU entry point into the BOFU term we most want (/ra-billing-software). Same persona, same vocabulary. YouTube ranking proves the audience wants to be shown, not just given a file - a gap sotyn.ai can fill with real product evidence.","Google Trends API reached but returned no usable series for this keyword on 2026-09-23. Exact failures: Google returned an empty / zero-length timeline for India, which is what it serves when a keyword is below its reporting threshold. No volume, CPC or difficulty figure is available from any authorised source. The observed SERP is India-specific (Indian vendors, Indian vocabulary such as RA bill / GST / BOQ / indent), so US index weighting appears NOT to have distorted this row materially.","Confirm free template giveaway and whether video production is in scope"
"D - billing","measurement book software","commercial/informational","Billing engineer; site engineer; QS","MOFU","India","Google Trends India 5-y (2021-09-23 to 2026-09-23, weekly) and 12-m (2025-09-23 to 2026-09-23, weekly), both queried 2026-09-23; SERP observed 2026-09-23","Google web search (Google Trends 'Web Search' property)","insufficient data — Trends not accessible 2026-09-23","insufficient data — Trends not accessible 2026-09-23","unknown — no authorised data","unknown — no authorised data","SERP-OBSERVED 2026-09-23: mostly educational/reference - CivilEngPro, build-construct, CivilJungle, Testbook, SuperWise glossary - plus a Google Play app (CWC Measurement Book), a Tribune NEWS article about DDA launching e-MB software, and no real vendor pages. Strongly India/government-flavoured (CPWD/PWD, e-MB). Notable: almost nobody is selling MB software on this SERP.","CWC Measurement Book (Play Store); SuperWise; DDA e-MB (government)","/ra-billing-software; no dedicated MB page","CREATE a page on digital measurement book / e-MB for contractors, linked tightly to /ra-billing-software","1","Real content gap - the SERP is all encyclopaedia entries and one government news item, with no credible vendor page. MB is upstream of RA billing so it captures the billing engineer before the billing decision. Strong fit with what sotyn.ai already does.","Google Trends: keyword not retrieved before cut-off on 2026-09-23 (trends.google.com/trends/api/explore returned HTTP 429 rate-limiting during the run); no volume, CPC or difficulty figure is available from any authorised source. The observed SERP is India-specific (Indian vendors, Indian vocabulary such as RA bill / GST / BOQ / indent), so US index weighting appears NOT to have distorted this row materially.","Confirm sotyn.ai has a genuine measurement-recording capability to evidence"
"D - billing","subcontractor billing software","commercial/transactional","Billing engineer; accounts; owner/CMD","BOFU","India","Google Trends India 5-y (2021-09-23 to 2026-09-23, weekly) and 12-m (2025-09-23 to 2026-09-23, weekly), both queried 2026-09-23; SERP observed 2026-09-23","Google web search (Google Trends 'Web Search' property)","insufficient data — Trends not accessible 2026-09-23","insufficient data — Trends not accessible 2026-09-23","unknown — no authorised data","unknown — no authorised data","SERP-OBSERVED 2026-09-23: India-dominant vendor SERP - Realx ERP, Quantbit BUILDX 'Subcontractor Management Software India', SiteSetu, MyBillBook, InvoiceFree, ACGIL subcontractor module, nyggs blog, constructionestimatorindia. Snippets cite work orders, advance deduction, retention application, subcontractor settlement. Minimal foreign contamination.","Realx ERP; Quantbit BUILDX; SiteSetu; ACGIL","/subcontractor-billing-software (exact match, already exists)","OPTIMISE /subcontractor-billing-software - add worked deduction/settlement examples and link from /ra-billing-software","1","Exact-match page exists, India-specific SERP, explicit transactional intent, and competitors are thin vendor pages. Directly monetisable.","Google Trends: keyword not retrieved before cut-off on 2026-09-23 (trends.google.com/trends/api/explore returned HTTP 429 rate-limiting during the run); no volume, CPC or difficulty figure is available from any authorised source. The observed SERP is India-specific (Indian vendors, Indian vocabulary such as RA bill / GST / BOQ / indent), so US index weighting appears NOT to have distorted this row materially.","None"
"D - billing","contractor bill checking checklist","informational","Billing engineer; project manager; accounts","TOFU-MOFU","India","Google Trends India 5-y (2021-09-23 to 2026-09-23, weekly) and 12-m (2025-09-23 to 2026-09-23, weekly), both queried 2026-09-23; SERP observed 2026-09-23","Google web search (Google Trends 'Web Search' property)","insufficient data — Trends not accessible 2026-09-23","insufficient data — Trends not accessible 2026-09-23","unknown — no authorised data","unknown — no authorised data","SERP-OBSERVED 2026-09-23: mixed - a Civil4M FORUM thread ('Checklist for RA Bill Verification Work') ranks, plus Scribd, civaropulse, build-construct, and several US results (Levelset x2, World Bank PPP, Raken, Stone Development contractor-vetting - the last is hiring intent, not billing). Forum ranking signals unmet demand: practitioners are asking each other because no good published resource exists.","Civil4M forum; Levelset (US); Scribd","/resources; feeds /ra-billing-software","CREATE a /resources asset: RA bill verification checklist (first bill / subsequent RA / final bill / SD release), which is exactly what the forum thread is asking for","2","A ranking forum thread is strong evidence of an unserved need, and sotyn.ai can publish a definitively better checklist. Slightly lower priority than the format assets because intent is further from purchase and the SERP has US contamination.","Google Trends: keyword not retrieved before cut-off on 2026-09-23 (trends.google.com/trends/api/explore returned HTTP 429 rate-limiting during the run); no volume, CPC or difficulty figure is available from any authorised source. The observed SERP is India-specific (Indian vendors, Indian vocabulary such as RA bill / GST / BOQ / indent), so US index weighting appears NOT to have distorted this row materially.","None"
"D - billing","retention money in construction contracts india","informational","Billing engineer; accounts; owner/CMD","TOFU-MOFU","India","Google Trends India 5-y (2021-09-23 to 2026-09-23, weekly) and 12-m (2025-09-23 to 2026-09-23, weekly), both queried 2026-09-23; SERP observed 2026-09-23","Google web search (Google Trends 'Web Search' property)","insufficient data — Trends not accessible 2026-09-23","insufficient data — Trends not accessible 2026-09-23","unknown — no authorised data","unknown — no authorised data","SERP-OBSERVED 2026-09-23: unusually authoritative - a Cyril Amarchand Mangaldas dispute-resolution LEGAL blog, Tenderkart, BWERP, Onsite, Mastt, superconstruct, Sihela, cmfusion. India-specific and legally grounded: snippets cite 5-10 percent of certified RA bills, CPWD/PWD at 5 percent, and the Government of India 2025 Works Procurement Manual.","Onsite; BWERP; Mastt; Cyril Amarchand (legal, not a competitor)","/tools/retention (VERIFIED calculator already exists); /ra-billing-software","OPTIMISE the existing /tools/retention calculator with the 5-10 percent / CPWD-5-percent norms and ADD a /resources guide on retention tracking and release citing the 2025 Works Procurement Manual. Do NOT build a second calculator","2","Genuine India-specific informational demand adjacent to core product, and the retention-tracking pain is a real ERP purchase trigger. Lower than 1 because a law-firm page and government sources set a high authority bar.","Google Trends: keyword not retrieved before cut-off on 2026-09-23 (trends.google.com/trends/api/explore returned HTTP 429 rate-limiting during the run); no volume, CPC or difficulty figure is available from any authorised source. The observed SERP is India-specific (Indian vendors, Indian vocabulary such as RA bill / GST / BOQ / indent), so US index weighting appears NOT to have distorted this row materially.","Legal accuracy review before publishing anything citing the Works Procurement Manual"
"D - billing","construction receivables management","informational/commercial","Accounts; owner/CMD","MOFU","India","Google Trends India 5-y (2021-09-23 to 2026-09-23, weekly) and 12-m (2025-09-23 to 2026-09-23, weekly), both queried 2026-09-23; SERP observed 2026-09-23","Google web search (Google Trends 'Web Search' property)","insufficient data — Trends not accessible 2026-09-23","insufficient data — Trends not accessible 2026-09-23","unknown — no authorised data","unknown — no authorised data","SERP-OBSERVED 2026-09-23: entirely US - Levelset, Projul, Foundation Software x2, Billtrust, PBMares, CMiC, Planyard, LumberFi, Integrative Systems. The search tool itself noted results contain no India-specific information. FLAG: severe US index distortion; no Indian evidence gathered.","Foundation Software; Levelset; Billtrust (all US)","/ra-billing-software; /tools/cash-stuck (VERIFIED exists)","DO NOT target the bare term. If pursued at all, target 'payment follow-up' / 'delayed payment' framing in Indian vocabulary","4","No Indian evidence at all from this SERP. US incumbents with heavy authority dominate. Cannot justify investment on the evidence available.","Google Trends: keyword not retrieved before cut-off on 2026-09-23 (trends.google.com/trends/api/explore returned HTTP 429 rate-limiting during the run); no volume, CPC or difficulty figure is available from any authorised source. IMPORTANT: the search index used is documented as US-only/US-weighted, so this SERP observation may not match what a user in India sees; this row is FLAGGED as likely distorted.","Client to re-run on an India SERP; we have no Indian data for this term"
"E - project/cost control","dpr software construction","commercial investigation","Project manager; site engineer; owner/CMD","MOFU","India","Google Trends India 5-y (2021-09-23 to 2026-09-23, weekly) and 12-m (2025-09-23 to 2026-09-23, weekly), both queried 2026-09-23; SERP observed 2026-09-23","Google web search (Google Trends 'Web Search' property)","insufficient data — Trends not accessible 2026-09-23","insufficient data — Trends not accessible 2026-09-23","unknown — no authorised data","unknown — no authorised data","SERP-OBSERVED 2026-09-23: excellent India vendor SERP - SiteSetu DPR software and DPR-format-India blog, Trackovo, Karyati, SuperWise (plus a 'Construction Reporting Pack for India'), Tactive, BuildFormula, and an Afcons-branded Google Play app. Snippets mention WhatsApp sharing, geo-tagged photos, 3-minute site entry - very India-field-reality specific.","SiteSetu; Trackovo; Karyati; SuperWise; Tactive","/reduce-project-delays; /platform; no dedicated DPR page","CREATE a DPR software page linking to /reduce-project-delays, or make DPR a first-class section there","2","Clear India intent and active vendor competition (which validates the market). Lower than 1 only because DPR is a feature wedge rather than the ERP buying decision, and several well-funded India competitors already publish here.","Google Trends: keyword not retrieved before cut-off on 2026-09-23 (trends.google.com/trends/api/explore returned HTTP 429 rate-limiting during the run); no volume, CPC or difficulty figure is available from any authorised source. The observed SERP is India-specific (Indian vendors, Indian vocabulary such as RA bill / GST / BOQ / indent), so US index weighting appears NOT to have distorted this row materially.","Confirm sotyn.ai's DPR capability is strong enough to lead with"
"E - project/cost control","daily progress report format construction","informational (format download)","Site engineer; project manager","TOFU","India","Google Trends India 5-y (2021-09-23 to 2026-09-23, weekly) and 12-m (2025-09-23 to 2026-09-23, weekly), both queried 2026-09-23; SERP observed 2026-09-23","Google web search (Google Trends 'Web Search' property)","insufficient data — Trends not accessible 2026-09-23","insufficient data — Trends not accessible 2026-09-23","unknown — no authorised data","unknown — no authorised data","SERP-OBSERVED 2026-09-23: template SERP - SafetyCulture x2, Mitti, projectqualityhub free Excel/Word, plus a Civil4M FORUM thread and bhadanisrecordedlectures (a TRAINING provider - flagged). Mixed geography; the Indian results are format downloads and forum posts.","SafetyCulture; projectqualityhub; Civil4M forum; SiteSetu","/resources; feeds a DPR page and /reduce-project-delays","CREATE a /resources asset: DPR format (Excel) with guidance on what makes a DPR usable for billing and delay claims","2","Reliable TOFU capture for the site-engineer/PM persona and an easy quality win over SafetyCulture-style generic templates. Note a training provider ranks here, which slightly dilutes commercial intent.","Google Trends: keyword not retrieved before cut-off on 2026-09-23 (trends.google.com/trends/api/explore returned HTTP 429 rate-limiting during the run); no volume, CPC or difficulty figure is available from any authorised source. The observed SERP is India-specific (Indian vendors, Indian vocabulary such as RA bill / GST / BOQ / indent), so US index weighting appears NOT to have distorted this row materially.","Confirm template giveaway"
"E - project/cost control","material reconciliation in construction","informational/commercial","Project manager; billing engineer; owner/CMD","MOFU","India","Google Trends India 5-y (2021-09-23 to 2026-09-23, weekly) and 12-m (2025-09-23 to 2026-09-23, weekly), both queried 2026-09-23; SERP observed 2026-09-23","Google web search (Google Trends 'Web Search' property)","insufficient data — Trends not accessible 2026-09-23","insufficient data — Trends not accessible 2026-09-23","unknown — no authorised data","unknown — no authorised data","SERP-OBSERVED 2026-09-23: mixed formats with strong India signal - two YouTube tutorials (cement and steel reconciliation statements, one referencing CPWD DSR), a Civil4M FORUM thread on RMC reconciliation, Quora, Nway ERP (format, formula, example), civaropulse steel reconciliation guide, civilengineerdk, constructionduniya blogspot. Vocabulary is unmistakably Indian (rolling margin, lapping, theoretical vs actual consumption).","Nway ERP; civaropulse; Civil4M forum; YouTube creators","/material-reconciliation (exact match, already exists)","OPTIMISE /material-reconciliation (and cross-link the existing /tools/material-wastage calculator and /resources/epc-margin-leakage-checklist) - add worked cement and steel reconciliation statements with the standard consumption norms, and counter the YouTube-led SERP with a calculable on-page example","1","Exact-match page exists and the term has strong, clearly Indian demand. Ranking results are YouTube videos, forum threads and blogspot pages - sotyn.ai can publish a decisively better and more authoritative resource. Material leakage is a top ERP purchase trigger.","Google Trends: keyword not retrieved before cut-off on 2026-09-23 (trends.google.com/trends/api/explore returned HTTP 429 rate-limiting during the run); no volume, CPC or difficulty figure is available from any authorised source. The observed SERP is India-specific (Indian vendors, Indian vocabulary such as RA bill / GST / BOQ / indent), so US index weighting appears NOT to have distorted this row materially.","Confirm which consumption norms sotyn.ai will publish (CPWD DSR vs company norms)"
"E - project/cost control","boq vs actual cost tracking","informational/commercial","Project manager; owner/CMD; billing engineer","MOFU","India","Google Trends India 5-y (2021-09-23 to 2026-09-23, weekly) and 12-m (2025-09-23 to 2026-09-23, weekly), both queried 2026-09-23; SERP observed 2026-09-23","Google web search (Google Trends 'Web Search' property)","insufficient data — Trends not accessible 2026-09-23","insufficient data — Trends not accessible 2026-09-23","unknown — no authorised data","unknown — no authorised data","SERP-OBSERVED 2026-09-23: India vendor/blog SERP - RDash on Medium, Peacksoft ERP, Onsite BOQ software, Realx BOQ software, PySquad, buildxl, OConstruction, plus foreign (Nomitech, asestimation). Snippets frame it as live BOQ baseline vs incurred cost at item level.","RDash; Onsite; Realx ERP; Peacksoft","/platform; VERIFIED no BOQ-variance calculator exists (current set: cash-stuck, erp-roi, labour-leak, material-wastage, profit-leak, quote-margin, ra-bill, retention)","CREATE a /tools calculator for item-level BOQ vs actual variance plus a supporting page, linked to /material-reconciliation and /tools/material-wastage","2","Strong product fit and a credible India SERP, but the term has several phrasings and no single dominant one, so ranking is less certain than the exact-match billing terms.","Google Trends: keyword not retrieved before cut-off on 2026-09-23 (trends.google.com/trends/api/explore returned HTTP 429 rate-limiting during the run); no volume, CPC or difficulty figure is available from any authorised source. The observed SERP is India-specific (Indian vendors, Indian vocabulary such as RA bill / GST / BOQ / indent), so US index weighting appears NOT to have distorted this row materially.","Confirm preferred phrasing with the client's own sales language"
"E - project/cost control","job costing software for construction india","commercial investigation","Owner/CMD; accounts","MOFU","India","Google Trends India 5-y (2021-09-23 to 2026-09-23, weekly) and 12-m (2025-09-23 to 2026-09-23, weekly), both queried 2026-09-23; SERP observed 2026-09-23","Google web search (Google Trends 'Web Search' property)","insufficient data — Trends not accessible 2026-09-23","insufficient data — Trends not accessible 2026-09-23","unknown — no authorised data","unknown — no authorised data","SERP-OBSERVED 2026-09-23: predominantly US/foreign - SourceForge, Timeero, SoftwareAdvice, AccountingDepartment, Knowify, LiveCosts, Acumatica, Xpedeon (India-origin but global), with only Tactive and an nyggs listicle representing India. FLAG: US index distortion; 'job costing' is more American vocabulary than Indian.","Knowify; Xpedeon; Tactive; Acumatica","/platform; /epc-erp-software","Cover as a section; prefer the Indian phrasing 'project-wise costing' or 'site-wise profitability' for any dedicated content","3","Real product fit but the term is US-vocabulary-led and the SERP reflects that. Indian buyers are more likely to search project costing or site profitability.","Google Trends: keyword not retrieved before cut-off on 2026-09-23 (trends.google.com/trends/api/explore returned HTTP 429 rate-limiting during the run); no volume, CPC or difficulty figure is available from any authorised source. IMPORTANT: the search index used is documented as US-only/US-weighted, so this SERP observation may not match what a user in India sees; this row is FLAGGED as likely distorted.","Client to confirm which phrase their prospects actually use"
"E - project/cost control","construction cash flow management software india","commercial investigation","Owner/CMD; accounts","MOFU","India","Google Trends India 5-y (2021-09-23 to 2026-09-23, weekly) and 12-m (2025-09-23 to 2026-09-23, weekly), both queried 2026-09-23; SERP observed 2026-09-23","Google web search (Google Trends 'Web Search' property)","insufficient data — Trends not accessible 2026-09-23","insufficient data — Trends not accessible 2026-09-23","unknown — no authorised data","unknown — no authorised data","SERP-OBSERVED 2026-09-23: split - foreign forecasting vendors (Deltek, Kahua, Planyard, CMiC, CashFlowFrog, Contractor Foreman) and India SMB content (constructionestimatorindia x3 naming BuildNext, Odoo, Vyapar with Hindi UI and Rs pricing). The Indian results are listicles rather than product pages.","BuildNext; Vyapar; Odoo; Planyard; Deltek","/tools/cash-stuck and /resources/cash-flow-control-template (VERIFIED both already exist); /platform","OPTIMISE the existing /tools/cash-stuck calculator and /resources/cash-flow-control-template for this query. Do NOT build a new calculator or a standalone vendor page","3","Decent fit but cash flow is a symptom addressed by RA billing and receivables, which we target more directly elsewhere. Avoid cannibalising stronger pages.","Google Trends: keyword not retrieved before cut-off on 2026-09-23 (trends.google.com/trends/api/explore returned HTTP 429 rate-limiting during the run); no volume, CPC or difficulty figure is available from any authorised source. The observed SERP is India-specific (Indian vendors, Indian vocabulary such as RA bill / GST / BOQ / indent), so US index weighting appears NOT to have distorted this row materially.","None"
"F - implementation/commercial","erp implementation for construction company india","commercial investigation","Owner/CMD; IT head","MOFU-BOFU","India","Google Trends India 5-y (2021-09-23 to 2026-09-23, weekly) and 12-m (2025-09-23 to 2026-09-23, weekly), both queried 2026-09-23; SERP observed 2026-09-23","Google web search (Google Trends 'Web Search' property)","insufficient data — Trends not accessible 2026-09-23","insufficient data — Trends not accessible 2026-09-23","unknown — no authorised data","unknown — no authorised data","SERP-OBSERVED 2026-09-23: India vendor and advisory pages - ESS India, In4Velocity, constructionestimatorindia x2, StrategicERP, Vaps, Bytelogic, eresource, nyggs. Snippets give concrete implementation detail (4-12 week timelines, assessment/migration/training phases, SAP-Oracle 18-24 months, PF/ESI/RERA/GST compliance).","In4Velocity; StrategicERP; eresource; Ramco; Odoo","/construction-erp-implementation (exact match, already exists)","OPTIMISE /construction-erp-implementation - publish a real, dated implementation plan with phase durations and named deliverables; competitors publish vague timelines","1","Exact-match page exists and this is a high-intent, late-funnel term. Ranking pages make unverifiable timeline claims; sotyn.ai can publish an evidenced, specific plan. Implementation risk is the main objection blocking Indian ERP purchases.","Google Trends: keyword not retrieved before cut-off on 2026-09-23 (trends.google.com/trends/api/explore returned HTTP 429 rate-limiting during the run); no volume, CPC or difficulty figure is available from any authorised source. The observed SERP is India-specific (Indian vendors, Indian vocabulary such as RA bill / GST / BOQ / indent), so US index weighting appears NOT to have distorted this row materially.","Confirm sotyn.ai's real implementation timeline so published figures are defensible"
"F - implementation/commercial","excel to erp migration construction","informational/commercial","Owner/CMD; project manager","MOFU","India","Google Trends India 5-y (2021-09-23 to 2026-09-23, weekly) and 12-m (2025-09-23 to 2026-09-23, weekly), both queried 2026-09-23; SERP observed 2026-09-23","Google web search (Google Trends 'Web Search' property)","insufficient data — Trends not accessible 2026-09-23","insufficient data — Trends not accessible 2026-09-23","unknown — no authorised data","unknown — no authorised data","SERP-OBSERVED 2026-09-23: entirely foreign - Constellation HomeBuilder, Premier x2, Anterra, TechOne (CZ), a2zglobal, pasconcept, paxerp, arribatec. No India results at all. Framing is generic 'spreadsheets no longer enough'. FLAG: US/EU index distortion.","Premier Construction Software; Anterra; Constellation","/construction-erp-implementation; /scorecard","CREATE an India-framed Excel-to-ERP migration guide under /resources, linked to /scorecard and /construction-erp-implementation","2","Excel is the real incumbent competitor for Indian mid-market contractors, so the topic matters commercially even though the observed SERP is foreign. The absence of any Indian result is itself the opportunity - but note we have no Indian demand evidence.","Google Trends: keyword not retrieved before cut-off on 2026-09-23 (trends.google.com/trends/api/explore returned HTTP 429 rate-limiting during the run); no volume, CPC or difficulty figure is available from any authorised source. IMPORTANT: the search index used is documented as US-only/US-weighted, so this SERP observation may not match what a user in India sees; this row is FLAGGED as likely distorted.","Client to confirm Indian demand exists; our SERP evidence for this term is entirely foreign"
"F - implementation/commercial","construction erp implementation cost india","commercial/transactional","Owner/CMD; accounts","BOFU","India","Google Trends India 5-y (2021-09-23 to 2026-09-23, weekly) and 12-m (2025-09-23 to 2026-09-23, weekly), both queried 2026-09-23; SERP observed 2026-09-23","Google web search (Google Trends 'Web Search' property)","insufficient data — Trends not accessible 2026-09-23","insufficient data — Trends not accessible 2026-09-23","unknown — no authorised data","unknown — no authorised data","SERP-OBSERVED 2026-09-23: India pricing content - Sage India, SoftwareSuggest ERP price India, actouch, Target Integration, Aasaan 'Construction ERP Pricing in India for Builders 2026', shivit, globalkeyinfosolution, plus a natlawreview PRESS RELEASE (low quality). Concrete figures published: Onsite Rs 12,000/user/year, StrategicERP Rs 4,000/user/month annual, SME ERP projects Rs 5-20 lakh.","Aasaan; SoftwareSuggest; Sage India; Onsite and StrategicERP (as priced examples)","/pricing (already exists)","OPTIMISE /pricing or create an implementation-cost explainer - competitors publish ranges without transparency; sotyn.ai can publish an actual cost breakdown","1","Explicit BOFU commercial intent with an India-specific SERP and real published price points to benchmark against. Price transparency is a strong differentiator in a market where every vendor says 'request a quote'.","Google Trends: keyword not retrieved before cut-off on 2026-09-23 (trends.google.com/trends/api/explore returned HTTP 429 rate-limiting during the run); no volume, CPC or difficulty figure is available from any authorised source. The observed SERP is India-specific (Indian vendors, Indian vocabulary such as RA bill / GST / BOQ / indent), so US index weighting appears NOT to have distorted this row materially.","Client must approve publishing actual pricing or a defensible range - this is the key blocker"
"F - implementation/commercial","erp for small construction companies india","commercial investigation","Owner/CMD of SME contractor","MOFU","India","Google Trends India 5-y (2021-09-23 to 2026-09-23, weekly) and 12-m (2025-09-23 to 2026-09-23, weekly), both queried 2026-09-23; SERP observed 2026-09-23","Google web search (Google Trends 'Web Search' property)","insufficient data — Trends not accessible 2026-09-23","insufficient data — Trends not accessible 2026-09-23","unknown — no authorised data","unknown — no authorised data","SERP-OBSERVED 2026-09-23: India listicle-dominated - constructionestimatorindia x3, constructionplacements, RDash, Inniti, Realx, eresource, nyggs. Snippets name Powerplay, Realx, Tactive, Zoho Projects, Nway, BuildNext, Tally Prime + add-ons, Odoo as SME-suitable, and cite go-live in weeks.","Powerplay; Realx ERP; Tactive; Nway; Tally Prime + add-ons","/pricing; /epc-erp-software; /scorecard","CREATE an SME-focused page (ERP for small and mid-size contractors) or a strong section on /pricing, with an honest 'you may not need ERP yet' section","2","Good India SERP and a large addressable segment, but every result is a listicle, so ranking requires beating aggregators. Strong fit with /scorecard as the conversion asset.","Google Trends: keyword not retrieved before cut-off on 2026-09-23 (trends.google.com/trends/api/explore returned HTTP 429 rate-limiting during the run); no volume, CPC or difficulty figure is available from any authorised source. The observed SERP is India-specific (Indian vendors, Indian vocabulary such as RA bill / GST / BOQ / indent), so US index weighting appears NOT to have distorted this row materially.","Confirm sotyn.ai actually serves sub-Rs 20 crore contractors or only mid-market and above"
"F - implementation/commercial","construction erp demo","transactional/navigational","Owner/CMD; project manager","BOFU","India","Google Trends India 5-y (2021-09-23 to 2026-09-23, weekly) and 12-m (2025-09-23 to 2026-09-23, weekly), both queried 2026-09-23; SERP observed 2026-09-23","Google web search (Google Trends 'Web Search' property)","insufficient data — Trends not accessible 2026-09-23","insufficient data — Trends not accessible 2026-09-23","unknown — no authorised data","unknown — no authorised data","SERP-OBSERVED 2026-09-23: vendor demo/booking pages plus one IndiaMART product listing quoting Rs 7,50,000/unit - SoftTech CivitBUILD, Onfinity, StrategicERP demo page, Trackovo (14-day trial), eresource (30-day trial), NYGGS (30-minute demo). Clearly India-specific and clearly transactional.","StrategicERP; Trackovo; NYGGS; eresource; SoftTech CivitBUILD","/demo (exact match, already exists)","OPTIMISE /demo - competitors offer generic demos; differentiate with a specific agenda (bring your BOQ and last RA bill) and free trial terms if offered","2","Highest purchase intent of any term here and the page exists, but the term is mostly navigational - searchers usually append a brand name. Value is in conversion quality, not capture volume.","Google Trends: keyword not retrieved before cut-off on 2026-09-23 (trends.google.com/trends/api/explore returned HTTP 429 rate-limiting during the run); no volume, CPC or difficulty figure is available from any authorised source. The observed SERP is India-specific (Indian vendors, Indian vocabulary such as RA bill / GST / BOQ / indent), so US index weighting appears NOT to have distorted this row materially.","Confirm whether sotyn.ai offers a free trial, since competitors advertise 14 and 30 day trials"
"G - practical format","ra bill format in excel","informational (format download)","Billing engineer; site engineer","TOFU","India","Google Trends India 5-y (2021-09-23 to 2026-09-23, weekly) and 12-m (2025-09-23 to 2026-09-23, weekly), both queried 2026-09-23; SERP observed 2026-09-23","Google web search (Google Trends 'Web Search' property)","insufficient data — Trends not accessible 2026-09-23","insufficient data — Trends not accessible 2026-09-23","unknown — no authorised data","unknown — no authorised data","SERP-OBSERVED 2026-09-23: see also 'running account bill format excel'. Format downloads plus two YouTube tutorials (one in Hindi), signNow, Scribd, In4Velocity blog, SiteSetu, constructionsupply.ai, Yojo, xlsxtemplates. Unambiguously India-specific.","SiteSetu; Yojo; constructionsupply.ai; In4Velocity; YouTube","/tools/ra-bill (VERIFIED calculator already exists); /resources has no RA bill format asset","CREATE the RA bill format (Excel) asset under /resources and link it to the existing /tools/ra-bill calculator and /ra-billing-software. Single asset also serves 'running account bill format excel'","2","Same asset as the running-account-bill row - highest-value TOFU into our strongest BOFU page. Publishing one excellent, correctly-calculating format beats the entire current SERP.","Google Trends: keyword not retrieved before cut-off on 2026-09-23 (trends.google.com/trends/api/explore returned HTTP 429 rate-limiting during the run); no volume, CPC or difficulty figure is available from any authorised source. The observed SERP is India-specific (Indian vendors, Indian vocabulary such as RA bill / GST / BOQ / indent), so US index weighting appears NOT to have distorted this row materially.","Confirm template giveaway"
"G - practical format","measurement book format excel","informational (format download)","Billing engineer; site engineer; QS","TOFU","India","Google Trends India 5-y (2021-09-23 to 2026-09-23, weekly) and 12-m (2025-09-23 to 2026-09-23, weekly), both queried 2026-09-23; SERP observed 2026-09-23","Google web search (Google Trends 'Web Search' property)","insufficient data — Trends not accessible 2026-09-23","insufficient data — Trends not accessible 2026-09-23","unknown — no authorised data","unknown — no authorised data","SERP-OBSERVED 2026-09-23: weak SERP - Scribd x2, Pinterest, civilthings PDF, civiljungles, technicalcivil PDF, expertcivil, a quantity-takeoff download page, plus a Wikipedia LandXML page (irrelevant). Mostly scanned PDFs and low-quality blogs. Very beatable.","Scribd; civilthings; expertcivil (all low quality)","/resources; feeds the proposed measurement book page","CREATE an MB format asset (Excel) bundled with the measurement book / e-MB page","2","Easiest quality win in the study - the current SERP is Pinterest and scanned PDFs. Slightly lower than RA bill format because MB is a step further from the purchase decision.","Google Trends: keyword not retrieved before cut-off on 2026-09-23 (trends.google.com/trends/api/explore returned HTTP 429 rate-limiting during the run); no volume, CPC or difficulty figure is available from any authorised source. The observed SERP is India-specific (Indian vendors, Indian vocabulary such as RA bill / GST / BOQ / indent), so US index weighting appears NOT to have distorted this row materially.","Confirm template giveaway"
"G - practical format","boq format in excel","informational (format download)","Site engineer; QS; billing engineer","TOFU","India","Google Trends India 5-y (2021-09-23 to 2026-09-23, weekly) and 12-m (2025-09-23 to 2026-09-23, weekly), both queried 2026-09-23; SERP observed 2026-09-23","Google web search (Google Trends 'Web Search' property)","insufficient data — Trends not accessible 2026-09-23","insufficient data — Trends not accessible 2026-09-23","unknown — no authorised data","unknown — no authorised data","SERP-OBSERVED 2026-09-23: template downloads plus Wikipedia - Scribd, Sourcetable, houseyog, constructionestimatorindia, greenarchworld, constructioncivilengineering, Tendrofy, capitalbuildcon. India signal is present and specific (IS 1200 units: Cum, Sqm, Kg, Rmt, Nos).","Tendrofy; constructionestimatorindia; capitalbuildcon; Scribd","/resources; feeds the proposed BOQ vs actual page","CREATE a BOQ format asset referencing IS 1200 units, linked to BOQ vs actual cost content","3","Large but generic demand, heavily served by estimating and DIY-adjacent sites, and it attracts students and homeowners as well as contractors. Useful as part of a format bundle rather than a priority.","Google Trends: keyword not retrieved before cut-off on 2026-09-23 (trends.google.com/trends/api/explore returned HTTP 429 rate-limiting during the run); no volume, CPC or difficulty figure is available from any authorised source. The observed SERP is India-specific (Indian vendors, Indian vocabulary such as RA bill / GST / BOQ / indent), so US index weighting appears NOT to have distorted this row materially.","Confirm we accept mixed-quality traffic on this term"
"G - practical format","dpr format for construction in excel","informational (format download)","Site engineer; project manager","TOFU","India","Google Trends India 5-y (2021-09-23 to 2026-09-23, weekly) and 12-m (2025-09-23 to 2026-09-23, weekly), both queried 2026-09-23; SERP observed 2026-09-23","Google web search (Google Trends 'Web Search' property)","insufficient data — Trends not accessible 2026-09-23","insufficient data — Trends not accessible 2026-09-23","unknown — no authorised data","unknown — no authorised data","SERP-OBSERVED 2026-09-23: as per 'daily progress report format construction' - SafetyCulture, projectqualityhub, Civil4M forum, SiteSetu blog 'DPR Format for Construction in India', livefield, Nway, plus a training provider.","SiteSetu; SafetyCulture; projectqualityhub; Nway","/resources; feeds the proposed DPR page","CREATE the DPR format asset (single asset also serving 'daily progress report format construction')","2","Consolidates with the DPR format row. Good site-engineer capture feeding a DPR product page.","Google Trends: keyword not retrieved before cut-off on 2026-09-23 (trends.google.com/trends/api/explore returned HTTP 429 rate-limiting during the run); no volume, CPC or difficulty figure is available from any authorised source. The observed SERP is India-specific (Indian vendors, Indian vocabulary such as RA bill / GST / BOQ / indent), so US index weighting appears NOT to have distorted this row materially.","Confirm template giveaway"
"G - practical format","purchase order format for construction","informational (format download)","Purchase manager; accounts","TOFU","India","Google Trends India 5-y (2021-09-23 to 2026-09-23, weekly) and 12-m (2025-09-23 to 2026-09-23, weekly), both queried 2026-09-23; SERP observed 2026-09-23","Google web search (Google Trends 'Web Search' property)","insufficient data — Trends not accessible 2026-09-23","insufficient data — Trends not accessible 2026-09-23","unknown — no authorised data","unknown — no authorised data","SERP-OBSERVED 2026-09-23: entirely generic and foreign - ProjectManager, Smartsheet, ProcureDesk, Sourcetable, Vertex42, FastEasyAccounting x2, ConstructionLogs, with one India result (capitalbuildcon). No Indian PO conventions visible. FLAG: US index distortion and a generic-template intent.","Smartsheet; Vertex42; ProjectManager; capitalbuildcon","/resources; /construction-procurement-software","LOW priority. Include only as part of a procurement format bundle, with GST and Indian PO terms as the differentiator","4","Generic template demand owned by high-authority horizontal template sites. Weak differentiation and weak India signal.","Google Trends: keyword not retrieved before cut-off on 2026-09-23 (trends.google.com/trends/api/explore returned HTTP 429 rate-limiting during the run); no volume, CPC or difficulty figure is available from any authorised source. IMPORTANT: the search index used is documented as US-only/US-weighted, so this SERP observation may not match what a user in India sees; this row is FLAGGED as likely distorted.","None"
"G - practical format","bill checking checklist construction","informational","Billing engineer; project manager","TOFU-MOFU","India","Google Trends India 5-y (2021-09-23 to 2026-09-23, weekly) and 12-m (2025-09-23 to 2026-09-23, weekly), both queried 2026-09-23; SERP observed 2026-09-23","Google web search (Google Trends 'Web Search' property)","insufficient data — Trends not accessible 2026-09-23","insufficient data — Trends not accessible 2026-09-23","unknown — no authorised data","unknown — no authorised data","SERP-OBSERVED 2026-09-23: consolidates with 'contractor bill checking checklist' - Civil4M forum thread ranks, plus Scribd, civaropulse, and US results (Levelset, Raken, World Bank). One result (Stone Development contractor-vetting) is hiring intent, not billing - evidence of query ambiguity.","Civil4M forum; Levelset; Scribd","/resources; feeds /ra-billing-software","CREATE the bill verification checklist asset (single asset also serving 'contractor bill checking checklist')","2","Forum ranking proves unmet demand from exactly our billing-engineer persona. Consolidated with the earlier checklist row.","Google Trends: keyword not retrieved before cut-off on 2026-09-23 (trends.google.com/trends/api/explore returned HTTP 429 rate-limiting during the run); no volume, CPC or difficulty figure is available from any authorised source. The observed SERP is India-specific (Indian vendors, Indian vocabulary such as RA bill / GST / BOQ / indent), so US index weighting appears NOT to have distorted this row materially. NOTE: Google Trends was queried on a close variant of this term, not the exact string, so the Trends cells are a proxy.","None"
"H - alternatives/comparison","procore alternative india","commercial investigation","Owner/CMD; project manager","MOFU-BOFU","India","Google Trends India 5-y (2021-09-23 to 2026-09-23, weekly) and 12-m (2025-09-23 to 2026-09-23, weekly), both queried 2026-09-23; SERP observed 2026-09-23","Google web search (Google Trends 'Web Search' property)","insufficient data — Trends not accessible 2026-09-23","insufficient data — Trends not accessible 2026-09-23","unknown — no authorised data","unknown — no authorised data","SERP-OBSERVED 2026-09-23: mostly foreign alternatives roundups (SoftwareAdvice, ProjectManager, Revizto, LiveCosts, Buildern, Remato, AlternativeTo, Serchen) with SoftwareSuggest providing the India angle - it names TallyPrime, ORION ERP, StrategicERP, Farvision, Bhoomi, Highrise. OpticVyu also appears. FLAG: partial US weighting, but the India-relevant result is genuinely useful.","StrategicERP; Farvision; Bhoomi; Highrise; TallyPrime","/compare/sotyn-vs-procore (VERIFIED to already exist in repo)","OPTIMISE the existing /compare/sotyn-vs-procore - retitle and reframe around 'Procore alternative for Indian contractors' and add the India-specific gaps (RA billing, GST/TDS, MB) the foreign roundups never mention. Do NOT create a new page","2","High-intent comparison traffic from buyers already convinced they need software. /compare infrastructure exists. Lower than 1 because Procore's Indian footprint is limited, so volume is uncertain.","Google Trends: keyword not retrieved before cut-off on 2026-09-23 (trends.google.com/trends/api/explore returned HTTP 429 rate-limiting during the run); no volume, CPC or difficulty figure is available from any authorised source. IMPORTANT: the search index used is documented as US-only/US-weighted, so this SERP observation may not match what a user in India sees; this row is FLAGGED as likely distorted.","None - repo verified: existing comparisons are sotyn-vs-{rdash, powerplay, onsite, procore, zoho, odoo}"
"H - alternatives/comparison","sap vs construction erp india","commercial investigation","Owner/CMD; IT head; accounts","MOFU-BOFU","India","Google Trends India 5-y (2021-09-23 to 2026-09-23, weekly) and 12-m (2025-09-23 to 2026-09-23, weekly), both queried 2026-09-23; SERP observed 2026-09-23","Google web search (Google Trends 'Web Search' property)","insufficient data — Trends not accessible 2026-09-23","insufficient data — Trends not accessible 2026-09-23","unknown — no authorised data","unknown — no authorised data","SERP-OBSERVED 2026-09-23 (SAP Business One vs construction ERP India): dominated by SAP PARTNER and reseller pages - Akshay Software, Zyple, Cinntra, osswalinfo, truspeq, ERP Research - plus comparison-directory pages (PeerSpot, SaaSworthy). All are pro-SAP or neutral; nobody publishes an honest SAP-vs-specialist-ERP comparison for Indian contractors. Clear gap.","SAP Business One (and its India partner network); NetSuite; Dynamics 365 BC; Odoo","/compare (VERIFIED: no SAP comparison exists - current set is rdash, powerplay, onsite, procore, zoho, odoo)","CREATE /compare/sotyn-vs-sap-business-one - SAP Business One vs purpose-built construction ERP for Indian contractors, with an honest 'when SAP is the right answer' section","1","Clearest publishable gap in cluster H: every ranking page is written by a SAP reseller with an incentive. sotyn.ai can publish the only balanced comparison. SAP is the real enterprise alternative Indian contractors evaluate, so intent is high-value.","Google Trends: keyword not retrieved before cut-off on 2026-09-23 (trends.google.com/trends/api/explore returned HTTP 429 rate-limiting during the run); no volume, CPC or difficulty figure is available from any authorised source. The observed SERP is India-specific (Indian vendors, Indian vocabulary such as RA bill / GST / BOQ / indent), so US index weighting appears NOT to have distorted this row materially.","Client must approve naming SAP and stating where SAP wins"
"H - alternatives/comparison","tally for construction company","informational/commercial","Owner/CMD; accounts","MOFU","India","Google Trends India 5-y (2021-09-23 to 2026-09-23, weekly) and 12-m (2025-09-23 to 2026-09-23, weekly), both queried 2026-09-23; SERP observed 2026-09-23","Google web search (Google Trends 'Web Search' property)","insufficient data — Trends not accessible 2026-09-23","insufficient data — Trends not accessible 2026-09-23","unknown — no authorised data","unknown — no authorised data","SERP-OBSERVED 2026-09-23: overwhelmingly Tally's own properties and its partner/training ecosystem - tallysolutions.com x3, tallyatcloud, tallyprimeerpsoftware, plus a YouTube PLAYLIST and two Hindi-language training sites (Jameel Attari Academy, thedigitalanjali), and Wikipedia. Notably NO page ranks on Tally's limitations - the search tool explicitly noted results focus on capabilities, not limitations. Strong India signal; heavy training-content presence is a flag.","TallyPrime (incumbent); Tally customisation partners","/compare (VERIFIED: no Tally comparison exists - current set is rdash, powerplay, onsite, procore, zoho, odoo)","CREATE /compare/sotyn-vs-tally - where Tally stops (project-wise RA billing, measurement book, multi-site inventory, subcontractor settlement). Highest-value missing comparison","1","Tally is the single most common incumbent in Indian construction back offices, so this is the real displacement conversation. A complete published gap exists on Tally's project-accounting limits, and sotyn.ai has first-hand evidence to fill it. Highest-value comparison content available.","Google Trends: keyword not retrieved before cut-off on 2026-09-23 (trends.google.com/trends/api/explore returned HTTP 429 rate-limiting during the run); no volume, CPC or difficulty figure is available from any authorised source. The observed SERP is India-specific (Indian vendors, Indian vocabulary such as RA bill / GST / BOQ / indent), so US index weighting appears NOT to have distorted this row materially.","Client must approve a factual, non-disparaging treatment of Tally's limits"
"X - EXCLUDED (hiring a contractor)","civil contractor near me / hire civil contractor india","local/transactional - hiring a physical contractor","Homeowner; developer looking to award work","n/a","India","Google Trends India 5-y (2021-09-23 to 2026-09-23, weekly) and 12-m (2025-09-23 to 2026-09-23, weekly), both queried 2026-09-23; SERP observed 2026-09-23","Google web search (Google Trends 'Web Search' property)","insufficient data — Trends not accessible 2026-09-23","insufficient data — Trends not accessible 2026-09-23","unknown — no authorised data","unknown — no authorised data","SERP-OBSERVED 2026-09-23: Houzz India (9,663 professionals), IndiaMART civil contractors directory, maharashtradirectory, abncogroup, plus civiljob.in and Digital Labour Chowk (job platforms). Entirely hiring and jobs intent.","Houzz India; IndiaMART; Digital Labour Chowk (not software competitors)","none - out of scope","EXCLUDE - sotyn.ai sells software, not construction services","5","Out of scope per brief. Searcher wants to hire a contractor or find work, not buy ERP. Zero product fit.","Excluded from targeting; Google Trends was not run for this term. SERP evidence, where present, is SERP-OBSERVED 2026-09-23. No volume, CPC or difficulty figure is available from any authorised source.","None"
"X - EXCLUDED (training/courses)","quantity surveying / billing engineer course india","informational - training and certification","Job-seeking civil engineer; student","n/a","India","Google Trends India 5-y (2021-09-23 to 2026-09-23, weekly) and 12-m (2025-09-23 to 2026-09-23, weekly), both queried 2026-09-23; SERP observed 2026-09-23","Google web search (Google Trends 'Web Search' property)","insufficient data — Trends not accessible 2026-09-23","insufficient data — Trends not accessible 2026-09-23","unknown — no authorised data","unknown — no authorised data","SERP-OBSERVED 2026-09-23: NICMAR Pune, BHADANIS QS Institute (billingengineer.com), SeeVill QS Institute, LCTSS, reinforceqst - all paid training providers. Note these providers also bleed into billing-format SERPs (bhadanisrecordedlectures ranked for DPR format), which dilutes commercial intent on some cluster G terms.","NICMAR; BHADANIS; SeeVill (training providers, not software competitors)","none - out of scope","EXCLUDE - training intent, not software buying intent","5","Out of scope per brief. Audience is individuals buying courses for employability, not firms buying ERP.","Excluded from targeting; Google Trends was not run for this term. SERP evidence, where present, is SERP-OBSERVED 2026-09-23. No volume, CPC or difficulty figure is available from any authorised source.","None"
"X - EXCLUDED (CAD/BIM design tools)","bim software india / revit","commercial - design and modelling tools","Architect; BIM modeller; design engineer","n/a","India","Google Trends India 5-y (2021-09-23 to 2026-09-23, weekly) and 12-m (2025-09-23 to 2026-09-23, weekly), both queried 2026-09-23; SERP observed 2026-09-23","Google web search (Google Trends 'Web Search' property)","insufficient data — Trends not accessible 2026-09-23","insufficient data — Trends not accessible 2026-09-23","unknown — no authorised data","unknown — no authorised data","SERP-OBSERVED 2026-09-23: Autodesk India (Revit product, education, BIM solutions), Capterra India BIM directory, technologycounter, BimOffis, ReviCAD, clovetech. Design/modelling intent - clash detection, parametric modelling, drafting services.","Autodesk Revit; Navisworks; Tekla; Archicad (not ERP competitors)","none - out of scope","EXCLUDE - design/modelling software, a different product category","5","Out of scope per brief. sotyn.ai does not sell design or modelling tools; overlap with ERP is minimal.","Excluded from targeting; Google Trends was not run for this term. SERP evidence, where present, is SERP-OBSERVED 2026-09-23. No volume, CPC or difficulty figure is available from any authorised source.","None"
"X - EXCLUDED (tenders)","construction tenders india / e-tender","transactional - finding and bidding tenders","Business development; estimator","n/a","India","Google Trends India 5-y (2021-09-23 to 2026-09-23, weekly) and 12-m (2025-09-23 to 2026-09-23, weekly), both queried 2026-09-23; SERP observed 2026-09-23","Google web search (Google Trends 'Web Search' property)","insufficient data — Trends not accessible 2026-09-23","insufficient data — Trends not accessible 2026-09-23","unknown — no authorised data","unknown — no authorised data","NOT SERP-TESTED 2026-09-23 - excluded a priori per brief scope rules. Partial signal only: Tenderkart appeared in the retention-money SERP, indicating a distinct tender-portal ecosystem.","unknown - no authorised data","none - out of scope","EXCLUDE - tender discovery is a separate product category","5","Out of scope per brief. Not SERP-verified, so this exclusion rests on the brief rather than on evidence.","Excluded from targeting; Google Trends was not run for this term. SERP evidence, where present, is SERP-OBSERVED 2026-09-23. No volume, CPC or difficulty figure is available from any authorised source.","None"
"X - EXCLUDED (jobs)","civil site engineer jobs / billing engineer jobs","informational/transactional - job seeking","Job-seeking engineer","n/a","India","Google Trends India 5-y (2021-09-23 to 2026-09-23, weekly) and 12-m (2025-09-23 to 2026-09-23, weekly), both queried 2026-09-23; SERP observed 2026-09-23","Google web search (Google Trends 'Web Search' property)","insufficient data — Trends not accessible 2026-09-23","insufficient data — Trends not accessible 2026-09-23","unknown — no authorised data","unknown — no authorised data","SERP-OBSERVED 2026-09-23 (incidental): civiljob.in and Digital Labour Chowk surfaced during the contractor-hiring query, confirming a large adjacent jobs ecosystem that contaminates bare 'contractor' and 'billing engineer' terms.","civiljob.in; Digital Labour Chowk (not software competitors)","none - out of scope","EXCLUDE - jobs intent","5","Out of scope per brief. Also a warning: never target 'billing engineer' without a software qualifier.","Excluded from targeting; Google Trends was not run for this term. SERP evidence, where present, is SERP-OBSERVED 2026-09-23. No volume, CPC or difficulty figure is available from any authorised source.","None"
"X - EXCLUDED (consumer DIY)","house construction cost calculator / ghar banane ka kharcha","informational - consumer DIY","Homeowner building a house","n/a","India","Google Trends India 5-y (2021-09-23 to 2026-09-23, weekly) and 12-m (2025-09-23 to 2026-09-23, weekly), both queried 2026-09-23; SERP observed 2026-09-23","Google web search (Google Trends 'Web Search' property)","insufficient data — Trends not accessible 2026-09-23","insufficient data — Trends not accessible 2026-09-23","unknown — no authorised data","unknown — no authorised data","NOT SERP-TESTED 2026-09-23 - excluded a priori per brief scope rules. Partial signal only: houseyog and capitalbuildcon (consumer/residential angle, '1200 Sq Ft example') ranked in the BOQ format SERP.","unknown - no authorised data","/tools calculators - ensure these are positioned for contractors, not homeowners","EXCLUDE from targeting; AUDIT existing /tools calculators for accidental consumer positioning","5","Out of scope per brief. Flagged because the existing /tools calculators could attract this audience if framed loosely.","Excluded from targeting; Google Trends was not run for this term. SERP evidence, where present, is SERP-OBSERVED 2026-09-23. No volume, CPC or difficulty figure is available from any authorised source.","Client to confirm /tools calculators are framed for contractors, not homeowners"
